               epoch,      train/box_loss,      train/obj_loss,      train/cls_loss,   metrics/precision,      metrics/recall,     metrics/mAP_0.5,metrics/mAP_0.5:0.95,        val/box_loss,        val/obj_loss,        val/cls_loss,               x/lr0,               x/lr1,               x/lr2
                   0,             0.11639,             0.31849,             0.05849,            0.004492,            0.043875,           0.0036992,          0.00054965,             0.11495,             0.18539,            0.058259,              0.0973,              0.0003,              0.0003
                   1,             0.11502,             0.33387,            0.058265,           0.0029526,            0.025791,           0.0016532,           0.0003232,             0.11333,             0.18808,            0.057897,            0.093693,          0.00069307,          0.00069307
